대분류,중분류,메뉴명,사용여부
시스템관리,개발툴,쿼리실행기,Y
인사관리,인사기준정보관리,휴일관리,Y
인사관리,인사기준정보관리,정원 관리,Y
인사관리,인사기준정보관리,정원/현원 관리,Y
인사관리,인사기준정보관리,정원/현원 현황,Y
인사관리,인사기준정보관리,조직도(팀원)정보,Y
인사관리,인사정보관리,인사정보등록,Y
급여관리,급여환경설정,개인별급여기준정보등록,Y
인사관리,인사정보관리,인사정보변경승인,Y
인사관리,인사정보관리,인사기록카드,Y
인사관리,인사정보관리,근로계약서(영월),Y
인사관리,인사정보관리,외부강사관리,Y
인사관리,인사정보관리,업무분장 등록,Y
인사관리,제증명서발급관리,제증명서발급관리,Y
인사관리,제증명서발급관리,증명서발급대장,Y
인사관리,제증명서발급관리,증명서발급신청(신규),Y
인사관리,제증명서발급관리,증명서발급대장(신규),Y
인사관리,제증명서발급관리,기타인명록,Y
인사관리,제증명서발급관리,참여자 인명록,Y
인사관리,제증명서발급관리,외부강사증명서발급신청,N
인사관리,제증명서발급관리,외부강사증명서발급대장,N
인사관리,인사발령관리,인사발령등록,Y
인사관리,인사발령관리,인사발령공고,Y
인사관리,인사발령관리,인사발령이력,Y
인사관리,인사발령관리,인사발령현황,Y
인사관리,인사현황/통계관리,인사현황(재직기준일),Y
인사관리,인사현황/통계관리,인사정보현황,Y
인사관리,인사현황/통계관리,학력/경력현황,Y
인사관리,인사현황/통계관리,가족현황,Y
인사관리,인사현황/통계관리,책정임금현황,Y
인사관리,인사현황/통계관리,상벌현황,Y
인사관리,인사현황/통계관리,사원휴직현황,Y
인사관리,인사현황/통계관리,근속년수현황,Y
인사관리,인사현황/통계관리,사원입사및퇴사현황,Y
인사관리,인사현황/통계관리,연구창작현황,Y
인사관리,인사현황/통계관리,자격증현황,Y
인사관리,인사현황/통계관리,고시현황,Y
인사관리,인사현황/통계관리,직급별인원현황,Y
인사관리,인사현황/통계관리,직렬별인원현황,Y
인사관리,인사현황/통계관리,호봉승급예정현황,Y
인사관리,인사현황/통계관리,노조가입현황,Y
인사관리,인사현황/통계관리,장애현황,Y
인사관리,인사현황/통계관리,개인비상연락망,Y
인사관리,인사현황/통계관리,호봉승급예정현황(연천),Y
인사관리,교육사항관리(구),상벌사항관리,Y
인사관리,교육사항관리(구),교육과정등록,Y
인사관리,교육사항관리(구),교육사항관리,Y
인사관리,교육사항관리(구),교육목표시간관리,Y
인사관리,교육사항관리(구),교육목표대비현황,Y
인사관리,지원근무,지원근무편성,Y
인사관리,지원근무,지원근무배정,Y
인사관리,교육사항관리(신규),교육신청관리,Y
인사관리,교육사항관리(신규),교육과정관리,Y
인사관리,교육사항관리(신규),교육사항관리(신),Y
인사관리,교육사항관리(신규),교육목표시간관리,Y
인사관리,교육사항관리(신규),교육목표대비현황,Y
인사관리,교육사항관리(신규),교육실적현황,Y
인사관리,교육사항관리(신규),개인별교육목표대비현황,N
인사관리,교육사항관리(신규),개인별교육사항현황,N
인사관리,교육사항관리(신규),교육결과보고,Y
인사관리,인사평가,근무실적계획서,Y
급여관리,급여지급관리,기타지급항목입력,Y
급여관리,급여지급관리,상용직급여입력및계산,Y
급여관리,급여지급관리,급여/상여 이체현황,Y
급여관리,급여지급관리,급여대장,Y
급여관리,급여지급관리,급여명세서,Y
급여관리,급여지급관리,급여 명세서 발송(E-MAIL),Y
급여관리,급여지급관리,월 급여/상여 지급현황,Y
급여관리,급여지급관리,급여/상여 집계현황,Y
급여관리,급여지급관리,연간 급여현황,Y
급여관리,급여지급관리,급여/상여 전월 비교,Y
급여관리,급여지급관리,근무수당 관리,Y
급여관리,급여지급관리,근로소득간이지급명세서,Y
급여관리,급여지급관리,개인별 급여지급현황,Y
급여관리,급여지급관리,급여지급분리관리,Y
급여관리,급여지급관리,법원압류관리,Y
급여관리,급여지급관리,학자금대출관리,Y
급여관리,급여지급관리,학자금대출현황,Y
급여관리,급여지급관리,해외파견수당관리,Y
급여관리,급여지급관리,일용직근무수당관리,Y
급여관리,급여지급관리,급여/상여 이체현황(디자인),Y
급여관리,급여지급관리,상여금관리(디자인진흥원),Y
급여관리,급여지급관리,개인별 가족수당지급현황,Y
급여관리,급여지급관리,총인건비 현황,Y
급여관리,급여지급관리,성과급 대상 조회,Y
급여관리,급여지급관리,년도별 급여총괄표,Y
급여관리,급여지급관리,연금/상조/노조현황,Y
급여관리,급여지급관리,직원계좌현황,Y
급여관리,급여지급관리,급여대장(과세금액),Y
급여관리,급여지급관리,과년도 급여대장,Y
급여관리,급여지급관리,과년도 급여첨부파일관리,Y
급여관리,급여지급관리,개인별급여기준정보현황,Y
급여관리,사회보험관리,사회보험납부내역,Y
급여관리,사회보험관리,4대보험 보수총액신고,Y
급여관리,사회보험관리,4대보험 자격취득,Y
급여관리,퇴직정산관리,퇴직금 정산처리,Y
급여관리,퇴직정산관리,퇴직금 추계액 관리,Y
급여관리,퇴직정산관리,퇴직금 정산현황,Y
급여관리,퇴직정산관리,퇴직정산기준설정,Y
급여관리,퇴직정산관리,퇴직연금(DC) 관리,Y
급여관리,연말정산관리,개인별연말정산등록,Y
급여관리,연말정산관리,연말정산마감처리,Y
급여관리,연말정산관리,연말정산내역신고,Y
급여관리,연말정산관리,근로소득원천징수영수증,Y
급여관리,연말정산관리,근로소득원천징수부,Y
급여관리,연말정산관리,노동조합비,Y
급여관리,일용직관리,일용직사원등록,Y
급여관리,일용직관리,일용직사원등록,Y
급여관리,일용직관리,일용근로소득지급명세서,Y
급여관리,일용직관리,일용직사원별근무관리,Y
급여관리,일용직관리,일용직근무관리집계,Y
급여관리,일용직관리,일용직급여입력및계산,Y
급여관리,일용직관리,일용근로소득영수증,Y
급여관리,일용직관리,일용근로소득지급명세서,Y
급여관리,일용직관리,일용직근무시간관리,Y
급여관리,일용직관리,일용직 급여명세서 발송(E-MAIL),Y
급여관리,일용직관리,일용직급여지급현황,Y
급여관리,일용직관리,일용직지급일자관리,Y
급여관리,일용직관리,일용직 관리자 급여명세서,Y
급여관리,일용직관리,일용직수당공제설정관리,Y
급여관리,일용직관리,일용직날짜별근무관리,Y
급여관리,소득관리,원천징수이행사항신고서,Y
급여관리,소득관리,지방소득세특별징수,Y
급여관리,소득관리,복지포인트관리,Y
급여관리,소득관리,복지포인트신청,Y
급여관리,소득관리,복지포인트신청확인,Y
복무관리,복무관리,근무기준설정,Y
복무관리,복무관리,교대근무관리,Y
복무관리,복무관리,초과근무정산,Y
복무관리,복무관리,근무유형관리,Y
복무관리,복무관리,근무조 스케줄관리,Y
복무관리,복무관리,사원별 스케줄관리,Y
복무관리,복무관리,사원별 근무관리,Y
복무관리,복무관리,미마감 근무관리,Y
복무관리,복무관리,날짜별 근무관리,Y
복무관리,복무관리,근태결과 관리,Y
복무관리,복무관리,출퇴근현황,Y
복무관리,복무관리,근태현황,Y
복무관리,복무관리,연차관리,Y
복무관리,복무관리,연차정산,Y
복무관리,복무관리,연차현황,Y
복무관리,복무관리,휴가정보관리,Y
복무관리,복무관리,초과근무정산(신),Y
복무관리,복무관리,근무스케줄관리(엑셀),Y
복무관리,복무관리,복지포인트관리,Y
복무관리,복무관리,복지포인트신청확인,Y
복무관리,복무관리,복무팝업관리,Y
복무관리,복무관리,휴가발생/사용현황,Y
복무관리,복무관리,휴가정보,Y
복무관리,복무관리,기타업체지문자료관리(엑셀),Y
복무관리,복무관리,초과근무총량데이터 점검,Y
복무관리,복무관리,유연근무신청(화성)코드,Y
복무관리,복무현황,복무신청내역,Y
복무관리,복무현황,근무구분현황,Y
복무관리,복무현황,근태현황,Y
복무관리,복무현황,출장신청현황,Y
복무관리,복무현황,초과근무신청현황,Y
복무관리,복무현황,휴가신청현황,Y
복무관리,복무현황,근무유형현황,Y
복무관리,복무현황,연차촉진제현황,Y
복무관리,복무현황,외부강의신청현황,Y
복무관리,복무현황,유연근무신청현황,Y
복무관리,복무현황,초과근무신청현황(달력),Y
복무관리,복무현황,출퇴근연계현황,Y
복무관리,복무현황,지각/조퇴현황,Y
복무관리,복무현황,초과근무현황,Y
복무관리,복무현황,초과근무정산현황,Y
복무관리,복무현황,출장신청현황B,Y
복무관리,복무현황,초과근무신청현황B,Y
복무관리,복무현황,휴가신청현황B,Y
복무관리,복무현황,외부강의신청현황B,Y
복무관리,복무현황,근태소명신청현황,Y
복무관리,복무현황,초과근무결과보고현황,Y
복무관리,복무현황,초과근무정산현황(신),Y
복무관리,복무현황,개인초과근무정산현황(신),Y
복무관리,복무현황,출장복명현황,Y
복무관리,복무현황,연간업무일정현황,Y
복무관리,복무현황,월간업무일정현황,Y
복무관리,복무현황,탄력근무신청현황,Y
복무관리,복무현황,출장여비지급내역,Y
복무관리,복무현황,유연근무결과상세(화성),Y
복무관리,복무현황,유연근무결과종합(화성),Y
복무관리,개인복무관리,근무현황,Y
복무관리,개인복무관리,휴가신청,Y
복무관리,개인복무관리,출장신청,Y
복무관리,개인복무관리,초과근무신청,Y
복무관리,개인복무관리,탄력근무신청,Y
복무관리,개인복무관리,근무변경(대직)신청,Y
복무관리,개인복무관리,급여명세서,Y
복무관리,개인복무관리,근태소명신청,Y
복무관리,개인복무관리,당직신청,Y
복무관리,개인복무관리,인사정보변경신청,Y
복무관리,개인복무관리,연차사용계획서출력,Y
복무관리,개인복무관리,유연근무신청,Y
복무관리,개인복무관리,개인인사기록카드,Y
복무관리,개인복무관리,외부강의신청,Y
복무관리,개인복무관리,항공마일리지 관리 대장,Y
복무관리,개인복무관리,출장여비등록,Y
복무관리,개인복무관리,출장결과보고서(신),Y
복무관리,개인복무관리,개인급여지급현황,Y
복무관리,개인복무관리,개인별출퇴근연계현황,Y
복무관리,개인복무관리,초과근무신청(신),Y
복무관리,개인복무관리,초과근무결과보고서,Y
복무관리,개인복무관리,개인초과근무정산현황,Y
복무관리,개인복무관리,복지포인트신청,Y
복무관리,개인복무관리,연간세부업무등록,Y
복무관리,개인복무관리,연간업무일정관리,Y
복무관리,개인복무관리,월간업무일정관리,Y
복무관리,개인복무관리,근태확인(마감),Y
복무관리,개인복무관리,유연근무신청(화성),Y
복무관리,개인복무관리,개인별 휴가발생/사용현황,Y
예산회계,예산편성관리,예산편성마감관리,Y
예산회계,예산편성관리,전년도 세입예산 관리,Y
예산회계,예산편성관리,전년도 세출예산 관리,Y
예산회계,예산편성관리,세입예산 요구,Y
예산회계,예산편성관리,세입예산 요구_내역사업,Y
예산회계,예산편성관리,세출예산 요구,Y
예산회계,예산편성관리,세출예산 요구_내역사업,Y
예산회계,예산편성관리,세입예산 조정,Y
예산회계,예산편성관리,세입예산 조정_내역사업,Y
예산회계,예산편성관리,세출예산 조정,Y
예산회계,예산편성관리,세출예산 조정_내역사업,Y
예산회계,예산편성관리,예산확정처리,Y
예산회계,예산편성관리,조직이관,Y
예산회계,예산편성관리,중기재정계획등록,Y
예산회계,예산편성관리,세출예산요구 엑셀업로드,Y
예산회계,예산편성관리,세입예산요구 엑셀업로드,Y
예산회계,예산편성관리,세부사업별 집행사업등록,Y
예산회계,예산편성관리,예산별 관련사업 조회,Y
예산회계,예산편성관리,예산편성마감관리_new,Y
예산회계,예산서관리,예산총칙,Y
예산회계,예산서관리,세입세출예산총괄표,Y
예산회계,예산서관리,예산총괄표,Y
예산회계,예산서관리,사업/자본예산총괄표,Y
예산회계,예산서관리,자금운영계획,Y
예산회계,예산서관리,세입예산서,Y
예산회계,예산서관리,세출예산서,Y
예산회계,예산서관리,세입예산 명세서,Y
예산회계,예산서관리,세출예산 명세서,Y
예산회계,예산서관리,예산사항별명세서,Y
예산회계,예산서관리,세입예산 사업명세서,Y
예산회계,예산서관리,세입예산 사업명세서_산출기초,Y
예산회계,예산서관리,세출예산 사업명세서,Y
예산회계,예산서관리,세출예산 사업명세서(산출기초),Y
예산회계,예산서관리,세출예산명세서조회,Y
예산회계,예산서관리,세출예산목별조서,Y
예산회계,예산변경관리,예산변경등록,Y
예산회계,예산변경관리,이월(수시)예산등록,Y
예산회계,예산변경관리,이월예산등록,Y
예산회계,예산변경관리,예비비사용등록,Y
예산회계,예산변경관리,예산변경현황,Y
예산회계,예산변경관리,예산전용현황,Y
예산회계,예산배정관리,예산배정계획 등록,Y
예산회계,예산배정관리,정기배정 처리,Y
예산회계,예산배정관리,수시배정 신청,Y
예산회계,예산배정관리,배정 승인,Y
예산회계,예산배정관리,재배정등록,Y
예산회계,예산배정관리,추경일괄배정처리,Y
예산회계,예산보고서,예산배정 변경조회,Y
예산회계,예산보고서,예산배정 입력현황,Y
예산회계,예산보고서,예산배정 계획조회,Y
예산회계,예산보고서,예산배정서,Y
예산회계,예산결산,다음년도 이월사업 등록,Y
예산회계,예산결산,예산결산자료생성,Y
예산회계,예산결산,세입결산현황,Y
예산회계,예산결산,세출결산현황,Y
예산회계,예산결산,세출결산 소관별 총괄표,Y
예산회계,예산결산,수입지출과 은행거래내역비교,Y
예산회계,예산결산,집행잔액현황,Y
예산회계,예산결산,보조금 집행현황,Y
예산회계,예산결산,다음연도 이월명세서,Y
예산회계,예산결산,전년도 이월사업비 집행명세서,Y
예산회계,예산결산,세입세출외현금 결산 현황,Y
예산회계,예산결산,수입지출현황,Y
예산회계,예산결산,다음년도 이월사업 등록_공사,Y
예산회계,예산결산,지출예산성질별결산_공사,Y
예산회계,예산결산,예산전용액조서,Y
예산회계,예산결산,예산시계열현황,Y
예산회계,자금배정관리,자금배정계획 등록,Y
예산회계,자금배정관리,정기자금배정 처리,Y
예산회계,자금배정관리,수시자금배정 신청,Y
예산회계,자금배정관리,자금배정 승인,Y
예산회계,자금배정관리,자금배정 은행이체승인,Y
재무회계,수입관리,수입부과등록,Y
재무회계,수입관리,징수결의,Y
재무회계,수입관리,수입수납처리,Y
재무회계,수입관리,감액처리,Y
재무회계,수입관리,과오납환불,Y
재무회계,수입관리,과수납환불,Y
재무회계,수입관리,독촉고지,Y
재무회계,수입관리,압류관리,Y
재무회계,수입관리,체납관리,Y
재무회계,수입관리,결손처리,Y
재무회계,수입관리,수입징수부,Y
재무회계,수입관리,월징수보고서,Y
재무회계,수입관리,월징수보고서2,Y
재무회계,수입관리,수입부과등록2,Y
재무회계,수입관리,수입간편등록,Y
재무회계,수입관리,수입부과결의,Y
재무회계,수입관리,수입예산정리집계표,Y
재무회계,수입관리,연계수입내역 수납처리,Y
재무회계,수입관리,세금계산서 연계 수입등록,Y
재무회계,지출관리,지출사전품의정산,Y
재무회계,지출관리,지출사전품의등록,Y
재무회계,지출관리,지출품의등록(TBS),Y
재무회계,지출관리,지출품의등록,Y
재무회계,지출관리,계약품의등록,Y
재무회계,지출관리,지출품의/원인행위등록,Y
재무회계,지출관리,지출원인행위등록,Y
재무회계,지출관리,지출원인행위정정,Y
재무회계,지출관리,지출결의등록,Y
재무회계,지출관리,검사/검수,Y
재무회계,지출관리,지급명령,Y
재무회계,지출관리,지급명령등록,Y
재무회계,지출관리,지출간편등록,Y
재무회계,지출관리,지급명령승인,Y
재무회계,지출관리,반납요청등록,Y
재무회계,지출관리,반납결의등록,Y
재무회계,지출관리,반납승인,Y
재무회계,지출관리,과목경정요청등록,Y
재무회계,지출관리,과목경정결의등록,Y
재무회계,지출관리,과목경정승인,Y
재무회계,지출관리,은행이체승인 new,Y
재무회계,지출관리,통합이체승인 new,Y
재무회계,지출관리,은행이체승인,Y
재무회계,지출관리,통합이체승인,Y
재무회계,지출관리,집행사업등록,Y
재무회계,지출관리,첨부파일관리,Y
재무회계,지출관리,지출품의정산,Y
재무회계,지출관리,지출자료수정,Y
재무회계,지출관리,부분_과목경정등록,Y
재무회계,지출관리,부분_과목경정승인,Y
재무회계,지출관리,결의구분변경(일반->계약),Y
재무회계,지출관리,대량지출등록,Y
재무회계,지출관리,지출간편등록(제주),Y
재무회계,지출관리,운영비사용등록,Y
재무회계,지출관리,운영비사용현황,Y
재무회계,지출관리,지출결재현황 조회,N
재무회계,지출관리(다중회계),지출품의등록(다중회계),Y
재무회계,지출관리(다중회계),지출원인행위등록(다중회계),Y
재무회계,지출관리(다중회계),지출결의등록(다중회계),Y
재무회계,지출관리(다중회계),지급명령(다중회계),Y
재무회계,지출관리,테스트,N
재무회계,일상경비,일상경비 사전품의등록,Y
재무회계,일상경비,일상경비 원인행위등록,Y
재무회계,일상경비,일상경비 결의등록,Y
재무회계,일상경비,일상경비 지출,Y
재무회계,일상경비,일상경비 은행이체승인,Y
재무회계,일상경비,일상경비 지출반납등록,Y
재무회계,일상경비,일상경비 지출반납승인,Y
재무회계,일상경비,일상경비 과목경정등록,Y
재무회계,일상경비,일상경비 과목경정승인,Y
재무회계,일상경비,일상경비 교부반납신청,Y
재무회계,일상경비,일상경비 교부반납승인,Y
재무회계,일상경비,일상경비 출납계산서,Y
재무회계,일상경비,일상경비 지출현황조회,Y
재무회계,자금관리,예적금 관리,Y
재무회계,자금관리,계좌이체관리,Y
재무회계,자금관리,법인카드 사용내역(은행연계),Y
재무회계,자금관리,법인카드 연계관리,Y
재무회계,자금관리,법인카드 사용내역(지급명령),Y
재무회계,자금관리,법인카드 사용내역(수기등록),Y
재무회계,자금관리,계좌입출금 현황,Y
재무회계,자금관리,계좌입출금 현황(은행연계),Y
재무회계,자금관리,계좌입출금 집계표,Y
재무회계,자금관리,계좌별 입출금내역 비교(은행),Y
재무회계,자금관리,계좌이체내역등록,Y
재무회계,자금관리,계좌이체내역승인,Y
재무회계,자금관리,예산과목원장_세종학당,Y
재무회계,자금관리,지출예산통제원장,Y
재무회계,자금관리,대량예금주조회,Y
재무회계,자금관리,지출예산통제원장집계표,Y
재무회계,지출현황,지출원인행위부,Y
재무회계,지출현황,지출부,Y
재무회계,지출현황,지출부2,Y
재무회계,지출현황,지급반납부,Y
재무회계,지출현황,지급명령발행부,Y
재무회계,지출현황,지출부3,Y
재무회계,지출현황,지출계산서,Y
재무회계,지출현황,지출계산서2,Y
재무회계,지출현황,지출경정부,Y
재무회계,지출현황,의무구매실적현황,Y
재무회계,지출현황,세출과목별집계조회,Y
재무회계,지출현황,지출현황조회,Y
재무회계,지출현황,거래처별지출현황,Y
재무회계,지출현황,지출내역,Y
재무회계,지출현황,지출부(드림파크),Y
재무회계,지출현황,지출원인행위부(드림파크),Y
재무회계,지출현황,의무구매지출실적,Y
재무회계,지출현황,지출증빙서목록B,Y
재무회계,지출현황,지출증빙서목록,Y
재무회계,지출현황,지출원인행위부C,Y
재무회계,지출현황,세입예산집행현황,Y
재무회계,지출현황,세출예산집행현황,Y
재무회계,지출현황,의무구매지출실적자료생성,Y
재무회계,지출현황,지출사전품의 이력조회,Y
재무회계,지출현황,지출원인행위부(경리관용),Y
재무회계,지출현황,은행이체현황,Y
재무회계,지출현황,은행이체현황B,Y
재무회계,지출현황,연도별 세출과목별 집계조회,Y
재무회계,지출현황,월별집행내역조회,Y
재무회계,지출현황,계약지출 내역조회,Y
재무회계,세입세출외현금,세입세출외현금코드등록,Y
재무회계,세입세출외현금,세입세출외현금수입등록,Y
재무회계,세입세출외현금,세입세출외현금지출등록,Y
재무회계,세입세출외현금,세입세출외현금 은행이체승인,Y
재무회계,세입세출외현금,세입세출외현금 은행이체승인 new,Y
재무회계,세입세출외현금,세입세출외현금이월처리,Y
재무회계,세입세출외현금,세입세출외현금 거래처별조회,Y
재무회계,세입세출외현금,세입세출외현금내역조회,Y
재무회계,세입세출외현금,세입세출외현금출납부출력,Y
재무회계,세입세출외현금,세입세출외현금출납계산서,Y
재무회계,계약집행관리,계약요청등록,Y
재무회계,계약집행관리,계약원인행위등록,Y
재무회계,계약집행관리,계약원인행위정정,Y
재무회계,계약대장관리,계약대장관리,Y
재무회계,계약대장관리,계약대장조회,Y
재무회계,계약대장관리,계약변경관리,Y
재무회계,계약대장관리,월별계약현황,Y
재무회계,기타소득관리,기타소득내역신고,Y
재무회계,기타소득관리,기타소득집계 조회,Y
재무회계,기타소득관리,개인별 원천징수 영수증 출력,Y
재무회계,기타소득관리,원천징수이행상황신고서,Y
세무관리,소득관리,소득자관리,Y
세무관리,부가세신고,1 부가세내역관리,Y
세무관리,소득관리,소득세율관리,Y
세무관리,소득관리,사업소득등록,Y
세무관리,부가세신고,2 신용카드내역관리,Y
세무관리,부가세신고,3 현금영수증내역관리,Y
세무관리,소득관리,기타소득 등록,Y
세무관리,소득관리,지급 확정처리,Y
세무관리,부가세신고,4 세금계산서합계표,Y
세무관리,부가세신고,부가세신고자료생성,Y
세무관리,소득관리,소득내역신고,Y
세무관리,소득관리,소득집계 조회,Y
세무관리,부가세신고,매입(출)처별세금계산서조회,Y
세무관리,부가세신고,사업장별신고명세서조회,Y
세무관리,소득관리,지급명세서 출력,Y
세무관리,소득관리,원천징수이행상황신고서,Y
세무관리,부가세신고,부가세신고항목관리(관리자용),Y
세무관리,부가세신고,전자세금계산서검증,Y
세무관리,부가세신고,사업장별양식설정,Y
세무관리,소득관리,비거주자사업기타소득등록,Y
세무관리,소득관리,간이지급명세서(거주자사업소득),Y
세무관리,소득관리,간이지급명세서(비거주자사업소득),Y
세무관리,소득관리,2024년 이후 간이지급명세서(거주자 사업소득),Y
세무관리,소득관리,간이지급명세서(거주자 기타소득),Y
재무회계,신속집행관리,신속집행마감일등록,Y
재무회계,신속집행관리,신속집행목표액등록,Y
세무관리,5 부가세신고 첨부자료,신용카드발행금액집계표,Y
세무관리,5 부가세신고 첨부자료,불공제매입세액명세서,Y
세무관리,5 부가세신고 첨부자료,부동산공급가액명세서,Y
세무관리,5 부가세신고 첨부자료,건물등감가상각자산취득명세서,Y
세무관리,5 부가세신고 첨부자료,사업장현황명세서,Y
세무관리,5 부가세신고 첨부자료,신용카드매출전표등 수령명세서(갑),Y
세무관리,부가세자료연계,국세청세금계산서조회,Y
세무관리,부가세자료연계,세금계산서등록(수기),Y
세무관리,부가세자료연계,부가세연계관리,Y
세무관리,부가세자료연계,홈택스자료등록(계산서),Y
재무회계,예산회계자율통제,예산회계자율통제 시나리오,Y
재무회계,예산회계자율통제,모니터링 관리,Y
재무회계,예산회계자율통제,모니터링결과(사용자),Y
재무회계,예산회계자율통제,모니터링결과(관리자),Y
재무회계,지출계획,예산과목별 부기사업 등록,Y
재무회계,지출계획,집행내역 부기사업 매핑,Y
재무회계,지출계획,집행계획마감일등록,Y
재무회계,지출계획,부기별예산집행계획등록,Y
재무회계,지출계획,집행계획대비 집행율 조회,Y
회계결산,기준정보관리,계정과목관리,Y
회계결산,기준정보관리,계정과목조회,Y
회계결산,기준정보관리,재무제표배열내역관리,Y
회계결산,기준정보관리,명세서매핑관리,Y
회계결산,기준정보관리,결산사업관리,Y
회계결산,기준정보관리,계정과목 맵핑관리,Y
회계결산,기준정보관리,예산과목별 계정과목 매핑관리,Y
회계결산,기준정보관리,현금흐름표 과목관리,Y
회계결산,기준정보관리,원가명세서 과목관리,Y
회계결산,회계전표관리,조정분개등록,Y
회계결산,회계전표관리,회계전표승인,Y
회계결산,회계전표관리,회계전표수정,Y
회계결산,회계전표관리,회계처리검증,Y
회계결산,회계전표관리,일계표,Y
회계결산,회계전표관리,감가상각일괄처리,Y
회계결산,회계전표관리,조정분개등록(케이워터),Y
회계결산,회계원장관리,합계잔액시산표,Y
회계결산,회계원장관리,총계정원장,Y
회계결산,회계원장관리,계정별원장,Y
회계결산,회계원장관리,분개장,Y
회계결산,회계원장관리,거래처별원장,Y
회계결산,회계원장관리,거래처별원장2,Y
회계결산,회계원장관리,거래처별원장(부서),Y
회계결산,회계원장관리,계좌별잔액조회,Y
회계결산,회계원장관리,거래처별계정잔액,Y
회계결산,회계원장관리,거래처명세서,Y
회계결산,회계원장관리,합계잔액시산표(케이워터),Y
회계결산,결산보고서,결산보고서 생성,Y
회계결산,결산보고서,재무제표,Y
회계결산,결산보고서,재무제표(사업별),Y
회계결산,결산보고서,실시간재무제표,Y
회계결산,결산보고서,기간별손익계산서,Y
회계결산,결산보고서,예산결산요약표,Y
회계결산,결산보고서,현금흐름표,Y
회계결산,결산보고서,자본변동표,Y
회계결산,부속명세서,자산명세서,Y
회계결산,부속명세서,감가상각비 명세서,Y
회계결산,부속명세서,감가상각집계표,Y
회계결산,부속명세서,충당금명세서,Y
회계결산,부속명세서,잉여금(결손금)명세서,Y
회계결산,부속명세서,매출원가명세서,Y
회계결산,부속명세서,현금예금명세서,Y
회계결산,결산보고서,사업별재무제표,Y
회계결산,결산보고서,실시간 사업별재무제표,Y
회계결산,마감관리,기초잔액관리,Y
회계결산,마감관리,기초잔액관리(사업),Y
회계결산,마감관리,기초잔액관리(케이워터),Y
회계결산,마감관리,마감처리,Y
자산관리,기준정보관리,법정동관리,Y
자산관리,기준정보관리,자산분류등록,Y
자산관리,기준정보관리,물품분류등록,Y
자산관리,기준정보관리,물품규격등록,Y
자산관리,자산대장관리,자산취득등록,Y
자산관리,자산대장관리,지출관리자산등록,Y
자산관리,자산대장관리,자산상세대장조회,Y
자산관리,자산대장관리,자본적 지출 자산조회,Y
자산관리,자산대장관리,감가상각(만료자산)내역조회K-water,Y
자산관리,자산대장관리,감가상각(만료자산)내역조회,Y
자산관리,자산대장관리,처분자산내역조회,Y
자산관리,자산대장관리,유형자산명세서,Y
자산관리,자산대장관리,자산원장조회,Y
자산관리,건설중인자산,건설중인공사일반사항등록,Y
자산관리,건설중인자산,건설중인공사진행등록,Y
자산관리,건설중인자산,건설중인공사완공대체조서작성,Y
자산관리,건설중인자산,건설중인공사완공처리,Y
자산관리,건설중인자산,건설중인공사현황조회,Y
자산관리,건설중인자산,건설중인공사완공자산조회,Y
자산관리,자산변동관리,자산불용등록,Y
자산관리,자산변동관리,자산처분등록,Y
자산관리,자산변동관리,관리전환등록,Y
자산관리,자산변동관리,자산분할등록,Y
자산관리,자산변동관리,자산부서일괄변경,Y
자산관리,감가상각관리,감가상각대상오류자료검증,Y
자산관리,감가상각관리,감가상각처리,Y
자산관리,감가상각관리,감가상각처리_NEW,Y
물품관리,기준정보관리,물품 분류 등록,Y
물품관리,기준정보관리,물품 규격코드 등록,Y
물품관리,기준정보관리,물품 장소(위치) 등록,Y
물품관리,물품취득관리,물품취득 등록,Y
물품관리,물품취득관리,물품취득 승인,Y
물품관리,물품취득관리,물품 취득 현황,Y
물품관리,물품취득관리,물품수입 및 출급원장 출력,Y
물품관리,물품운용관리,물품운용 등록,Y
물품관리,물품운용관리,물품 분할,Y
물품관리,물품운용관리,물품수리내역 등록,Y
물품관리,물품운용관리,물품수리내역 현황,Y
물품관리,물품운용관리,사용(관리)전환 등록,Y
물품관리,물품운용관리,사용(관리)전환 승인,Y
물품관리,물품운용관리,내용연수 및 회계자산여부 변경,Y
물품관리,물품운용관리,물품보유현황(조건검색),Y
물품관리,물품운용관리,내용연수별 물품현황,Y
물품관리,물품운용관리,부서별 보유현황,Y
물품관리,물품운용관리,정수관리 물품현황,Y
물품관리,물품운용관리,재원구분별 물품현황,Y
물품관리,물품운용관리,물품원장,Y
물품관리,물품처분관리,불용신청,Y
물품관리,물품처분관리,불용신청 현황,Y
물품관리,물품처분관리,불용신청 승인,Y
물품관리,물품처분관리,물품처분 등록,Y
물품관리,물품처분관리,물품처분 현황,Y
물품관리,물품처분관리,물품처분현황(조건검색),Y
물품관리,재물조사,재물조사자료 생성,Y
물품관리,재물조사,재물조사목록표 출력,Y
물품관리,재물조사,재물조사 실사결과 등록,Y
물품관리,재물조사,재물조사 실사결과 상세등록,Y
물품관리,재물조사,재물조사표,Y
물품관리,재물조사,물품 기초자료 등록,Y
물품관리,재물조사,재물조사현황,Y
물품관리,재물조사,재물조사실사결과검증,Y
물품관리,수급계획,물품수급관리계획서,Y
물품관리,수급계획,수급계획자료 생성,Y
물품관리,수급계획,수급계획 등록,Y
물품관리,마감관리,물품마감관리,Y
물품관리,마감관리,물품수급집계마감,Y
물품관리,차량관리,차량운행관리,Y
물품관리,차량관리,차량유지관리,Y
총무관리,결재관리함,기안함,Y
총무관리,결재관리함,결재대기함,Y
총무관리,결재관리함,결재진행함,Y
총무관리,결재관리함,회람/공람함,Y
총무관리,결재관리함,결재완료함,Y
총무관리,결재관리함,반려함,Y
총무관리,결재관리함,결재선관리,Y
총무관리,결재관리함,부재자설정관리,Y
총무관리,차량관리,차량등록관리,Y
총무관리,차량관리,임대(리스)관리,Y
총무관리,차량관리,자동차검사관리,Y
총무관리,차량관리,자동차보험관리,Y
총무관리,차량관리,사고수리관리,Y
총무관리,차량관리,경비관리,Y
총무관리,차량관리,차량보유현황,Y
총무관리,차량관리,만기(예정일)현황,Y
총무관리,차량관리,임대(리스)현황,Y
총무관리,차량관리,자동차검사현황,Y
총무관리,차량관리,자동차보험현황,Y
총무관리,차량관리,사고수리현황,Y
총무관리,차량관리,경비현황,Y
총무관리,차량운행관리,차량배차신청,Y
총무관리,차량운행관리,배차연장신청,Y
총무관리,차량운행관리,차량운행기록,Y
총무관리,차량운행관리,차량운행기록(상시),Y
총무관리,차량운행관리,차량배차현황,Y
총무관리,차량운행관리,차량운행현황,Y
총무관리,차량운행관리,My배차/운행현황,Y
총무관리,차량운행관리,차량배차현황(달력),Y
총무관리,대행사수입,센터(시설)수입관리,Y
총무관리,대행사수입,센터(시설)수입현황,Y
총무관리,대행사수입,센터(시설)연도별실적현황,Y
총무관리,대행사수입,센터(시설)기간별실적현황,Y
총무관리,대행사수입,센터(시설)수입차트,Y
총무관리,대행사수입,센터(시설)2수입관리,Y
총무관리,대행사수입,센터(시설)2수입현황,Y
총무관리,대행사수입,센터(시설)2연도별실적현황,Y
총무관리,대행사수입,센터(시설)2기간별실적현황,Y
총무관리,대행사수입,센터(시설)2수입차트,Y
총무관리,대행사수입,센터(시설)인원실적관리,Y
총무관리,대행사수입,주차장수입관리,Y
총무관리,대행사수입,주차장수입현황,Y
총무관리,대행사수입,주차장수입차트,Y
총무관리,대행사수입,센터(시설)지출관리,Y
총무관리,대행사수입,센터(시설)기간별수지현황,Y
총무관리,대행사수입,센터(시설)수지차트,Y
e나라도움연계,기준정보,공통코드관리,Y
e나라도움연계,기준정보,보조비목세목코드,Y
e나라도움연계,사업관리,사업선정결과,Y
e나라도움연계,사업관리,사업매핑,Y
e나라도움연계,사업관리,재원비율관리,Y
e나라도움연계,집행등록,카드매입내역,Y
e나라도움연계,집행등록,전자세금계산서조회요청,Y
e나라도움연계,집행등록,전자세금계산서,Y
e나라도움연계,집행등록,집행등록요청,Y
e나라도움연계,집행등록,집행등록요청결과,Y
e나라도움연계,집행등록,집행인력등록요청,Y
e나라도움연계,집행등록,집행등록요청(일괄처리),Y
e나라도움연계,실적조회,집행실적,Y
e나라도움연계,실적조회,복원실적,Y
시스템관리,기초정보관리,거래처관리,Y
시스템관리,기초정보관리,계좌정보관리,Y
시스템관리,기초정보관리,공제계좌관리,Y
시스템관리,기초정보관리,법인카드관리,Y
시스템관리,기초정보관리,회계구분관리,Y
시스템관리,기초정보관리,공통코드관리,Y
시스템관리,기초정보관리,기본환경설정,Y
시스템관리,기초정보관리,시스템메시지관리,Y
시스템관리,기초정보관리,금융기관관리,Y
시스템관리,기초정보관리,물품코드등록,Y
시스템관리,기초정보관리,물품규격등록,Y
시스템관리,기초정보관리,부서별 사용계좌 관리,Y
시스템관리,기초정보관리,전자결재부서관리,Y
시스템관리,기초정보관리,예산재무 기초자료 등록,Y
급여관리,급여환경설정,소득/세액공제기준 환경설정,Y
급여관리,급여환경설정,호봉관리,Y
급여관리,급여환경설정,일자관리(급여/상여),Y
급여관리,급여환경설정,인사/급여기준 환경설정,Y
급여관리,급여환경설정,지급공제항목관리,Y
급여관리,급여환경설정,사회보험기준 환경설정,Y
급여관리,급여환경설정,근로소득간이세액등록,Y
급여관리,급여환경설정,수당공제설정관리,Y
급여관리,급여환경설정,월별통상임금관리,Y
급여관리,급여환경설정,급여코드관리,Y
급여관리,급여환경설정,호봉내역관리,Y
시스템관리,예산/회계코드관리,사업코드관리new,Y
시스템관리,예산/회계코드관리,사업코드관리,Y
시스템관리,예산/회계코드관리,세입예산과목 관리,Y
시스템관리,예산/회계코드관리,세입예산세세목관리,Y
시스템관리,예산/회계코드관리,세출예산과목 관리,Y
시스템관리,예산/회계코드관리,세출과목관리_NEW,Y
시스템관리,예산/회계코드관리,예산과목 맵핑관리,Y
시스템관리,예산/회계코드관리,계정과목조회,Y
시스템관리,예산/회계코드관리,회계처리유형관리,Y
시스템관리,예산/회계코드관리,모니터링예산과목매핑,Y
시스템관리,예산/회계코드관리,세출_세세목관리,Y
시스템관리,예산/회계코드관리,사업코드 목록 조회,Y
시스템관리,예산/회계코드관리,예산사업소별 세부사업 매핑,Y
시스템관리,예산/회계코드관리,분야부문관리,Y
시스템관리,사용자/조직관리,기관기본정보관리,Y
시스템관리,사용자/조직관리,부서코드관리,Y
시스템관리,사용자/조직관리,사용자관리,Y
시스템관리,사용자/조직관리,사용자별소속부서권한,Y
시스템관리,사용자/조직관리,사용자별회계부서권한,Y
시스템관리,사용자/조직관리,관서코드 관리,Y
시스템관리,사용자/조직관리,사용자관리(도장),Y
시스템관리,메뉴관리,프로그램관리,Y
시스템관리,메뉴관리,메뉴등록,Y
시스템관리,메뉴관리,권한등록,Y
시스템관리,메뉴관리,마이메뉴관리,Y
시스템관리,메뉴관리,시스템팝업,Y
시스템관리,메뉴관리,전년도생성,Y
시스템관리,메뉴관리,전년도생성_NEW,Y
시스템관리,메뉴관리,프로그램 설정,N
시스템관리,메뉴관리,시스템팝업new,Y
시스템관리,메뉴관리,사용자별권한조회,Y
시스템관리,공지사항관리,공지사항,Y
시스템관리,개발툴,지출예산변경,Y
시스템관리,이력조회,메시지발송이력조회,Y
시스템관리,이력조회,시스템로그,Y
시스템관리,이력조회,개인정보저장현황,Y
시스템관리,이력조회,권한변경로그내역,Y
시스템관리,이력조회,사용자로그확인,Y
시스템관리,이력조회,시스템접속로그,Y
시스템관리,이력조회,SQL,Y
